<?xml version="1.0" encoding="utf-8"?>
<selector xmlns:android="http://schemas.android.com/apk/res/android"  xmlns:app="http://schemas.android.com/apk/res-auto">
    <item android:state_pressed="true">
        <shape android:shape="rectangle">
            <solid android:color="#fff" />
            <stroke android:color="#A8A8A8" android:width="1px"/>
            <corners android:bottomLeftRadius="20dp" android:bottomRightRadius="20dp" android:topRightRadius="20dp" />
        </shape>
    </item>
    <item>
        <shape android:shape="rectangle">
            <solid android:color="#fff" />
            <stroke android:color="#A8A8A8" android:width="1px"/>
            <corners android:bottomLeftRadius="20dp" android:bottomRightRadius="20dp" android:topRightRadius="20dp" />
        </shape>
    </item>
</selector>
