<?xml version="1.0" encoding="utf-8"?>
<selector xmlns:android="http://schemas.android.com/apk/res/android"  xmlns:app="http://schemas.android.com/apk/res-auto">
    <item android:state_pressed="true">
        <shape android:shape="rectangle">
            <gradient android:angle="0" android:endColor="@color/colorPrimary" android:startColor="@color/colorPrimaryDark" />
            <corners android:bottomLeftRadius="20dp" android:bottomRightRadius="20dp" android:topLeftRadius="20dp" />
        </shape>
    </item>
    <item>
        <shape android:shape="rectangle">
            <gradient android:angle="0" android:endColor="@color/colorPrimary" android:startColor="@color/colorPrimaryDark" />
            <corners android:bottomLeftRadius="20dp" android:bottomRightRadius="20dp" android:topLeftRadius="20dp" />
        </shape>
    </item>
</selector>
